C,1
G,0
G,0
T,1
G,0
G,1
T,1
T,0
A,0
G,1
G,1
C,0
T,1
A,0
A,1
T,0
T,0
A,1
C,0
T,1
T,1
C,1
G,1
A,1
C,1
C,1
G,0
C,0
A,0
T,1
A,0
G,1
A,1
A,1
T,0
A,1
C,0
G,1
G,0
T,1
G,0
A,1
T,0
T,0
T,1
G,0
G,0
G,1
G,1
A,0
C,0
T,0
A,0
G,0
G,0
G,0
C,1
C,1
C,1
A,1
C,1
C,0
G,0
T,0
G,1
A,0
A,0
C,0
C,1
T,0
G,1
A,0
A,1
G,1
A,0
T,1
G,0
C,0
A,1
A,0
G,1
T,0
A,1
G,0
C,0
C,0
C,1
C,1
G,0
T,1
A,1
G,0
A,0
C,0
G,0
C,0
A,1
C,1
C,0
A,1
A,0
C,1
C,1
G,0
C,0
A,0
A,0
T,1
A,1
C,1
T,1
C,0
T,0
G,1
C,1
A,1
G,1
A,1
G,1
A,1
A,1
A,1
G,1
A,0
C,0
G,0
A,1
G,1
G,1
G,0
C,1
C,1
G,0
G,0
T,0
A,0
G,1
G,0
T,1
C,1
T,0
A,1
C,1
T,0
T,1
C,1
A,1
A,1
A,0
C,0
T,1
G,1
T,1
G,1
T,0
C,1
G,1
G,0
A,1
G,0
G,0
C,0
C,1
T,1
C,0
G,1
G,1
G,1
G,0
A,1
C,1
C,0
A,0
C,0
G,1
C,0
T,0
T,0
C,0
G,0
A,1
T,0
T,0
A,1
T,0
T,1
T,0
A,0
T,1
A,0
T,1
G,0
T,1
T,1
C,0
A,0
G,0
T,0
T,1
T,0
A,0
C,1
G,0
T,0
G,0
T,1
G,0
G,1
A,0
C,1
C,0
A,1
C,0
T,0
G,0
C,0
T,1
T,0
G,1
C,1
G,0
C,0
G,0
C,0
T,0
G,0
C,1
G,0
G,0
C,1
A,0
C,1
G,0
G,1
G,0
T,1
T,0
T,0
C,0
T,1
T,0
C,0
C,0
T,1
C,0
A,1
T,0
C,0
C,0
C,1
T,0
C,1
G,1
A,0
T,1
C,0
T,0
T,0
A,0
T,0
G,0
T,0
C,0
C,1
G,0
A,1
A,0
G,0
T,1
G,0
A,0
T,0
A,0
A,1
T,1
G,0
A,1
G,1
A,1
C,0
G,1
C,0
A,1
A,0
C,1
C,1
T,1
T,1
G,1
G,0
C,1
G,1
A,1
T,1
G,1
T,1
T,1
T,1
T,0
C,0
T,1
T,0
G,0
T,0
T,1
T,0
G,0
C,1
C,0
C,0
G,1
C,1
G,0
G,1
T,1
A,1
C,1
G,1
C,0
T,0
G,0
A,0
T,0
G,1
T,1
C,0
G,0
G,0
C,1
A,0
A,1
T,0
G,1
G,0
C,1
A,1
G,0
G,0
G,1
T,1
G,0
G,0
A,0
G,0
G,0
C,1
C,1
T,0
A,1
A,0
C,1
G,1
C,1
G,1
C,0
G,1
T,0
T,0
C,1
T,1
A,0
T,0
T,0
A,0
G,0
G,1
T,1
A,1
A,1
G,1
T,0
A,0
A,1
G,0
T,0
T,0
T,0
T,1
T,0
T,0
T,0
C,1
C,1
A,1
G,1
G,0
G,0
T,1
T,0
G,1
G,1
G,1
G,1
A,1
C,0
G,0
C,1
G,1
C,0
A,0
A,0
G,0
T,0
T,1
T,1
T,1
G,0
G,0
T,0
T,1
C,0
C,0
A,1
T,0
T,0
G,1
T,1
G,1
C,1
A,1
C,1
C,1
G,0
C,0
G,1
A,1
T,1
A,0
T,0
G,1
T,0
A,0
C,0
A,0
C,1
A,0
G,0
T,0
T,1
T,1
G,1
T,1
G,1
C,1
C,1
T,0
C,1
T,0
C,0
C,0
G,0
G,0
A,1
T,0
A,0
G,1
A,0
A,0
A,0
T,1
T,0
T,1
G,0
A,0
A,0
A,1
C,0
T,1
A,0
A,0
A,1
C,0
G,1
T,1
G,1
G,0
T,1
T,0
C,0
C,1
G,0
C,1
C,1
G,0
T,1
C,0
A,0
G,1
A,1
T,1
G,0
C,1
T,1
A,1
C,1
A,1
T,1
C,0
G,1
A,0
T,0
G,0
A,0
C,0
C,0
A,1
T,0
G,1
C,1
C,0
A,0
C,0
T,0
A,0
T,0
G,1
T,0
T,1
C,1
C,0
A,1
G,0
A,1
C,1
T,0
G,1
T,0
C,0
G,1
C,1
A,1
A,1
G,1
G,1
T,1
A,0
C,1
T,1
A,0
T,0
G,1
C,0
G,1
C,1
A,0
T,1
T,1
G,1
G,1
A,1
T,1
C,0
T,1
C,0
T,1
A,1
C,1
T,1
A,0
C,1
A,1
C,0
G,0
C,1
C,1
C,1
C,0
C,1
G,1
C,0
A,1
G,0
C,0
G,0
A,1
T,0
G,1
A,1
T,1
G,1
G,0
C,0
T,0
T,1
A,0
G,0
G,0
G,0
A,0
C,1
A,0
A,0
A,0
C,1
T,1
T,0
G,1
C,1
G,0
G,0
T,1
T,0
T,0
T,0
C,1
G,0
A,1
C,0
A,1
T,0
T,1
T,1
T,0
G,0
A,0
A,0
G,0
A,0
G,1
G,1
A,1
C,0
C,1
G,1
C,1
C,0
T,0
T,1
C,0
C,0
C,1
A,0
T,0
T,1
C,1
T,0
T,0
A,1
C,1
T,1
A,0
G,0
G,0
T,0
A,1
C,0
C,1
G,1
C,0
T,0
A,1
A,1
C,0
G,1
A,1
A,1
A,1
G,1
T,1
G,1
T,0
G,0
G,0
C,0
C,1
A,0
C,0
T,0
G,1
A,0
A,1
C,1
T,1
G,1
C,1
T,1
T,1
G,1
C,1
C,1
T,1
T,1
A,1
G,1
G,0
A,0
T,1
T,1
T,1
G,1
A,1
T,1
C,0
G,0
G,1
G,1
C,1
T,1
A,1
C,0
A,0
G,0
A,1
G,1
A,1
G,1
C,0
T,0
C,1
T,1
T,1
T,1
T,0
G,0
G,0
T,1
T,1
A,0
G,0
C,0
T,1
C,0
A,1
C,1
T,1
T,0
G,1
C,0
T,1
T,1
A,1
A,0
C,1
A,1
T,0
G,0
C,0
C,0
A,0
T,1
C,0
C,1
T,1
C,1
A,0
A,0
G,1
A,0
T,1
A,0
G,1
A,1
G,0
A,1
A,1
G,0
A,1
C,1
G,0
C,0
T,0
T,0
G,0
T,1
T,0
C,0
G,1
T,0
T,1
A,0
A,0
A,0
G,0
A,1
A,1
A,1
G,1
C,1
C,0
A,1
G,0
A,0
A,1
C,1
T,0
C,1
G,1
T,1
T,0
A,0
A,1
A,1
T,1
C,1
T,0
T,1
G,0
G,0
T,1
T,0
G,0
T,0
T,1
A,0
C,0
C,1
C,1
A,0
T,1
A,0
A,0
T,0
A,1
A,1
T,1
A,0
T,1
T,0
T,1
A,0
A,1
G,1
C,0
G,0
C,0
C,0
A,0
T,1
A,1
G,0
A,1
C,0
A,1
T,1
C,1
C,0
G,0
C,1
G,1
C,0
A,0
G,0
T,1
G,1
T,1
A,0
T,1
T,1
C,1
T,0
A,1
T,1
C,1
A,1
G,1
A,0
C,1
T,1
A,0
A,0
T,0
A,0
G,1
C,0
T,0
G,0
C,0
A,0
C,1
G,1
G,1
A,0
T,1
T,1
T,1
T,1
C,1
C,1
C,1
C,0
A,0
C,0
G,0
G,1
A,0
G,1
A,0
A,0
T,1
C,1
C,0
C,1
T,0
C,1
G,0
C,1
G,1
G,0
T,0
G,1
A,1
C,0
C,1
T,1
G,0
A,0
C,1
C,0
G,0
C,0
G,0
T,0
A,0
C,0
C,1
A,1
C,1
C,0
G,1
C,0
C,0
G,0
G,0
G,1
T,1
C,1
G,1
C,0
T,0
C,0
A,0
C,1
A,0
A,1
A,0
T,1
G,0
T,0
A,0
G,0
C,0
A,0
T,0
A,0
G,1
A,0
C,0
C,1
C,0
C,1
T,1
A,1
T,0
A,0
T,1
T,1
C,0
T,1
G,0
C,1
C,0
G,0
A,1
A,1
G,1
T,1
G,1
C,1
G,1
T,1
C,1
G,0
A,1
C,1
A,0
G,0
G,0
A,0
C,0
A,1
G,1
T,1
A,1
G,0
C,1
C,0
G,0
C,1
G,1
A,1
T,0
C,1
G,0
C,0
A,1
T,1
C,1
C,0
A,1
A,1
A,1
C,1
T,0
C,0
C,0
G,1
G,0
C,1
G,1
G,0
C,1
A,1
A,0
C,1
T,0
C,0
C,1
T,1
G,1
C,1
C,0
A,0
T,0
A,0
G,1
T,1
C,0
C,0
T,1
C,1
C,0
C,1
A,1
A,0
C,1
C,0
C,0
C,1
C,1
A,1
C,0
T,1
T,0
C,0
C,1
G,0
T,1
G,1
A,1
A,0
A,0
A,1
A,1
A,1
G,1
T,0
C,0
T,1
A,1
G,1
T,0
A,1
T,0
C,0
T,0
G,0
G,1
G,0
T,1
T,1
T,0
G,0
T,0
G,0
G,1
A,1
T,1
A,0
A,1
A,1
A,1
C,1
C,0
A,0
T,1
T,0
C,0
C,0
G,1
C,0
T,1
C,1
A,1
G,0
C,0
T,1
G,0
A,0
C,0
A,0
G,0
T,0
C,1
T,1
C,0
G,0
A,1
A,1
A,0
G,0
A,0
A,0
A,1
G,0
A,1
A,0
T,1
T,1
A,1
T,0
C,1
G,0
G,1
G,1
T,1
G,1
A,1
C,0
G,1
A,0
G,0
C,0
C,1
G,0
G,1
A,0
T,0
A,0
T,1
A,0
T,1
C,1
A,0
A,1
T,0
C,1
G,0
C,0
T,1
T,1
T,1
G,0
A,0
T,0
C,1
A,0
G,1
C,0
C,0
G,0
A,0
A,0
T,0
A,1
C,1
G,0
A,1
A,0
A,0
A,0
C,0
C,1
T,1
C,1
T,1
G,1
G,0
T,0
T,1
C,0
G,1
G,1
T,1
C,0
C,0
A,0
T,1
T,0
T,1
T,1
T,0
G,0
C,0
G,0
G,1
G,1
T,0
A,0
C,1
G,1
C,1
T,0
A,1
T,1
T,0
C,1
T,1
G,0
A,0
A,0
C,1
C,1
G,1
G,1
G,0
T,1
A,1
T,0
C,0
C,0
G,1
G,1
T,0
G,1
T,0
T,1
G,0
A,0
G,0
T,1
G,1
T,0
T,0
G,0
G,1
T,1
C,1
T,0
A,0
T,1
A,1
A,0
A,0
T,0
T,0
T,0
G,0
A,1
A,1
A,1
A,0
C,1
C,0
G,0
T,1
A,1
C,0
G,0
T,0
G,1
G,1
C,1
G,1
A,1
G,1
A,1
T,1
T,0
A,0
A,0
T,1
A,0
A,0
G,1
G,0
G,0
G,1
G,1
C,0
C,0
T,0
C,1
G,1
G,0
A,0
G,1
T,0
T,1
T,1
T,1
A,1
C,0
C,0
G,0
T,0
C,0
C,1
G,1
C,1
A,1
C,1
A,1
C,1
G,0
C,0
A,0
G,1
A,1
C,1
A,0
C,1
C,0
A,1
G,1
A,1
G,0
G,0
T,1
C,1
C,0
A,1
T,1
C,1
A,1
T,1
T,0
A,0
C,1
T,1
G,0
C,1
G,0
G,0
A,0
A,1
G,0
T,1
C,0
C,1
T,0
C,1
C,1
G,1
A,0
C,0
T,0
A,0
T,0
A,0
C,1
C,1
T,0
A,1
G,1
G,0
T,0
A,0
C,0
A,0
G,0
T,0
C,1
T,0
C,0
T,0
A,0
G,0
A,0
A,0
G,0
C,1
C,1
T,0
G,1
A,1
G,0
G,1
G,0
T,1
A,1
A,1
T,1
G,1
T,0
C,0
G,1
A,1
C,0
G,1
A,1
C,0
T,1
G,1
T,0
C,0
A,1
T,1
G,0
C,0
C,0
A,1
T,0
T,0
T,0
G,1
C,1
A,0
T,1
C,1
C,1
A,0
C,0
T,0
C,0
T,0
G,0
C,1
C,1
C,0
T,1
C,0
C,0
T,1
T,1
C,0
G,0
T,0
T,0
T,1
T,1
G,0
C,1
A,1
T,1
T,0
C,1
C,1
G,1
T,1
G,0
C,1
C,0
G,1
A,1
G,0
C,1
A,0
A,1
G,0
A,1
T,1
T,1
A,1
C,1
G,1
A,0
T,0
C,0
C,1
C,1
G,0
C,1
C,0
C,0
G,1
C,1
A,0
A,0
T,1
T,1
G,1
A,0
G,0
A,1
C,0
C,1
G,0
T,1
T,0
A,1
T,0
T,0
A,0
C,0
G,1
A,0
A,0
A,0
G,0
G,1
T,1
T,0
T,0
T,1
C,0
A,0
G,0
A,1
A,1
A,0
T,0
C,1
G,1
A,0
T,1
A,1
C,0
G,1
A,1
T,1
G,1
C,1
A,0
A,1
G,1
C,1
T,1
G,0
C,1
T,1
T,0
G,0
T,0
C,1
A,0
G,1
G,1
A,1
T,0
A,0
A,0
A,0
T,1
A,0
G,1
G,0
T,0
C,1
A,1
T,0
A,0
C,0
C,0
C,0
C,0
T,0
C,0
A,1
T,0
T,0
C,1
G,0
C,0
G,0
G,0
A,1
T,1
A,1
A,1
T,1
G,1
G,0
G,1
C,0
T,1
G,0
C,1
C,0
G,1
T,0
A,0
G,0
A,1
T,0
T,0
G,0
A,1
C,0
C,1
C,1
T,1
C,0
A,1
C,1
G,0
T,1
T,0
G,0
T,1
A,1
C,1
G,1
T,1
T,0
A,0
C,0
C,0
C,0
A,1
A,1
T,0
T,1
T,0
C,1
G,0
C,1
C,0
G,1
G,1
G,1
A,1
C,0
T,0
A,0
A,1
C,1
A,0
G,1
C,1
T,1
A,1
T,1
C,0
T,0
C,0
G,0
T,1
C,1
G,1
G,1
G,0
T,0
T,1
C,0
G,0
G,0
T,1
C,1
T,1
T,1
T,0
T,0
A,1
T,1
A,1
T,1
A,0
G,1
A,0
G,0
A,0
T,0
G,0
C,1
G,1
G,0
A,0
A,0
C,1
T,1
G,0
A,0
C,0
C,1
G,1
T,1
C,0
A,1
G,0
G,0
G,0
A,0
T,0
G,1
C,1
C,0
C,1
G,0
A,1
G,1
G,1
A,1
C,0
T,1
A,1
A,0
T,0
T,1
T,1
T,1
T,0
T,0
C,1
G,0
G,0
C,0
A,0
T,0
G,1
A,0
C,1
G,1
C,0
T,1
A,0
T,1
G,1
A,0
A,1
A,1
C,1
G,0
A,0
T,1
C,0
G,0
T,1
C,0
T,1
G,1
G,1
G,0
C,0
T,1
C,1
A,0
C,1
T,0
T,1
A,0
A,0
G,1
C,1
C,0
G,0
C,1
A,1
A,1
C,1
C,0
G,0
T,1
G,1
T,0
T,1
T,1
T,1
C,0
C,0
G,1
C,0
G,1
A,1
C,0
T,1
T,1
G,0
G,0
C,0
C,1
G,1
T,1
A,0
A,0
G,1
T,1
G,1
G,1
T,0
A,0
G,1
T,0
G,1
G,1
A,1
G,0
G,1
C,0
G,0
G,1
G,1
A,0
A,0
A,1
G,1
G,1
G,1
C,1
G,1
A,0
C,0
A,1
T,1
C,1
T,0
T,1
T,0
A,1
T,0
C,0
C,0
T,1
T,0
G,0
T,0
A,0
G,1
A,0
C,1
G,1
T,1
G,0
G,1
A,0
T,0
C,0
A,0
G,1
G,1
C,1
T,0
C,1
G,0
G,1
T,1
C,1
T,1
A,1
A,1
G,0
A,0
G,0
G,0
T,1
G,1
T,1
T,1
T,1
G,1
G,1
C,1
T,1
G,1
T,1
C,1
A,1
T,0
A,0
A,1
A,0
A,1
G,1
C,1
T,0
T,0
G,1
C,0
A,1
A,0
A,1
C,1
G,0
C,0
A,1
G,0
T,1
G,0
G,0
G,0
C,0
A,0
T,1
A,0
A,0
A,0
T,0
T,1
G,1
T,0
G,0
C,1
A,1
G,1
A,1
C,0
G,0
G,1
C,1
T,1
T,1
C,0
A,1
G,1
A,0
T,1
A,1
G,1
T,0
A,0
T,1
T,1
G,0
T,1
A,0
C,0
G,1
A,1
T,0
A,0
G,0
T,1
T,0
A,0
G,1
A,1
T,1
C,0
G,0
T,1
G,0
G,0
C,1
C,1
T,1
T,0
T,1
G,1
G,1
C,0
C,1
A,0
T,1
C,0
C,0
G,0
C,1
C,0
C,0
A,1
C,1
G,1
G,1
A,0
A,0
C,1
T,0
G,0
A,1
G,1
G,0
C,0
G,0
C,1
T,0
T,0
G,1
T,1
G,0
C,1
G,1
T,0
A,0
T,1
T,0
T,1
A,1
T,0
A,1
T,1
G,1
C,1
A,0
A,0
C,1
C,1
G,1
A,0
C,1
G,0
A,1
G,0
G,0
G,0
G,0
C,0
A,1
G,0
C,0
G,0
T,0
A,1
G,0
G,0
T,0
G,1
T,0
T,0
T,1
G,1
T,1
C,1
G,0
C,1
A,1
G,0
C,1
G,0
G,0
T,1
A,1
G,1
A,0
A,0
G,0
A,1
T,0
A,1
T,0
A,1
C,1
T,1
T,1
T,0
G,0
C,0
C,0
A,1
G,0
A,1
G,1
C,0
G,0
A,0
T,1
G,1
C,1
G,1
C,1
C,1
T,1
G,0
C,1
T,1
G,1
G,1
G,0
G,1
T,1
C,0
T,1
G,0
T,0
T,0
A,1
C,0
A,1
T,0
G,1
C,1
A,1
G,0
G,0
C,1
A,1
A,0
A,0
G,1
C,1
A,1
G,1
G,0
T,1
G,1
G,0
A,1
G,0
T,0
A,1
A,0
A,1
C,1
C,1
C,0
T,1
A,0
C,1
T,1
A,0
C,0
G,0
C,0
C,1
T,1
T,0
C,0
C,1
G,1
G,1
T,1
G,0
A,0
G,0
A,1
A,1
T,0
T,1
C,0
A,1
C,1
A,0
T,0
T,0
A,1
C,1
A,1
A,1
G,1
A,0
T,0
C,1
T,0
C,1
G,0
G,1
A,0
T,1
C,0
A,1
G,0
A,0
C,1
T,1
A,1
C,0
C,1
A,0
C,1
A,0
T,0
A,0
G,1
C,0
T,1
A,1
T,1
T,0
T,0
C,1
C,1
T,0
C,0
T,0
A,1
C,1
T,1
C,1
A,0
G,0
G,0
C,1
G,1
T,1
C,0
T,1
C,0
G,1
T,0
G,1
A,0
T,1
G,0
C,1
G,1
C,0
C,0
G,0
T,1
T,0
A,0
T,1
T,0
A,1
A,0
G,0
A,1
A,0
C,1
G,1
C,1
G,1
G,1
T,1
T,0
A,1
A,0
T,1
C,0
A,0
G,0
C,0
G,1
A,1
G,1
G,1
T,1
A,0
G,1
A,0
T,0
T,1
G,1
G,0
T,1
C,1
A,1
C,0
T,0
T,1
C,1
A,1
G,1
G,1
T,0
G,0
C,1
G,1
A,0
A,1
G,1
C,0
C,1
T,1
A,0
G,0
G,0
A,0
T,1
C,0
G,0
A,1
A,1
C,0
A,0
T,1
G,1
A,0
C,0
T,1
A,0
G,0
G,0
C,1
C,1
T,1
A,0
T,1
C,0
A,1
C,0
T,1
A,1
T,0
C,1
T,0
A,1
G,0
C,0
C,1
T,0
G,1
T,1
A,0
C,1
A,0
A,1
C,1
T,0
T,0
C,0
A,0
T,1
T,0
A,1
C,0
A,1
T,0
G,0
G,1
T,1
T,1
G,0
G,0
C,0
G,0
A,0
G,1
G,0
T,0
A,0
T,0
T,0
C,0
C,0
C,0
G,0
G,1
G,1
G,0
T,1
C,0
T,0
G,0
G,0
G,1
A,1
A,0
C,1
G,0
A,0
A,0
C,0
G,0
C,0
C,1
T,0
C,0
T,0
C,0
G,1
C,1
C,0
G,0
G,0
C,0
T,1
G,1
A,0
A,0
C,1
G,0
C,0
G,0
A,0
A,0
C,1
G,1
G,0
G,0
C,0
A,1
T,1
A,1
A,1
A,0
T,0
A,0
C,1
T,1
A,0
G,0
G,0
T,1
T,0
G,1
G,0
A,1
C,0
T,1
A,1
G,0
T,1
G,0
A,1
C,1
T,1
G,0
C,1
A,1
A,0
A,0
T,0
G,0
C,0
C,1
T,1
G,1
C,1
T,0
G,1
T,1
C,0
G,1
A,1
C,1
A,0
C,1
G,0
G,1
C,1
C,1
A,1
A,1
C,1
T,1
A,1
A,1
G,1
A,1
A,0
A,0
C,1
A,1
G,0
G,1
G,1
T,0
G,1
G,1
A,0
A,0
C,0
T,0
A,0
C,1
G,1
G,0
C,0
A,1
A,0
G,0
G,0
G,0
T,0
T,1
T,0
G,0
C,1
A,1
C,0
C,0
C,0
T,1
T,1
C,0
C,1
A,0
A,0
A,1
C,1
G,1
C,0
G,0
A,0
C,0
G,0
T,0
T,1
T,1
G,1
G,1
T,0
C,0
C,0
G,0
G,1
G,1
C,0
T,1
T,0
T,0
C,0
C,0
C,1
C,0
C,0
T,1
T,1
T,1
A,1
G,1
T,0
C,1
C,1
A,0
G,1
G,1
G,1
C,0
G,0
G,1
C,1
C,0
T,0
C,0
T,0
C,1
T,1
G,1
G,0
C,0
T,1
T,0
T,0
G,1
G,0
A,0
G,1
G,1
G,1
A,1
C,0
A,0
A,1
T,0
C,0
G,0
G,1
C,0
A,1
A,1
G,0
C,1
C,1
G,0
C,0
G,0
A,0
G,1
G,1
G,1
T,0
G,1
T,0
T,0
T,0
T,0
A,0
T,0
G,1
C,1
A,1
A,0
G,1
A,0
A,0
G,0
T,1
G,1
T,0
G,1
A,1
A,1
T,0
C,1
T,1
A,0
A,1
C,1
T,0
A,0
G,1
A,0
T,0
G,1
G,0
T,0
T,1
A,1
C,1
C,0
C,0
T,0
T,1
G,0
C,0
C,1
T,0
C,0
T,0
C,0
A,1
A,0
C,0
T,0
A,0
G,0
C,0
T,0
T,1
G,1
G,0
C,0
C,1
T,0
G,0
C,1
T,1
T,1
T,0
C,1
C,0
A,0
C,1
A,1
C,1
G,0
G,0
T,0
A,1
C,1
A,1
T,0
G,1
C,1
T,1
T,0
G,1
A,1
A,1
A,1
C,1
T,1
T,1
A,1
G,0
T,0
T,1
C,0
C,1
G,1
G,1
C,0
A,0
T,0
T,1
T,1
G,1
C,0
T,0
C,0
C,1
G,1
A,0
T,0
A,0
T,0
A,0
T,0
G,0
T,0
G,1
C,1
C,1
A,1
G,0
T,1
T,1
T,1
C,0
G,0
A,0
C,0
G,1
C,0
G,0
A,0
C,0
G,0
T,0
C,1
A,0
T,1
C,0
C,0
T,1
C,0
T,0
A,1
C,1
T,0
C,1
T,1
T,1
T,1
C,0
G,0
G,1
C,1
T,0
T,0
C,1
T,1
G,1
C,1
C,0
T,0
G,1
T,0
G,1
A,0
G,0
G,1
C,0
T,1
G,1
C,1
T,0
G,1
G,0
T,0
T,0
A,0
G,0
G,0
C,1
T,0
C,1
A,0
A,1
C,1
T,1
A,1
G,0
G,0
A,1
C,0
G,1
T,1
A,0
C,1
G,1
C,0
A,0
T,0
T,0
T,0
C,1
C,1
A,1
C,1
T,0
A,0
A,1
G,0
A,1
C,1
G,0
A,1
G,1
T,0
T,0
A,1
T,1
G,1
G,1
A,0
C,0
A,0
C,1
G,0
G,1
A,0
A,1
A,0
A,1
C,1
G,1
G,0
G,0
T,1
G,1
A,0
T,0
G,0
C,0
A,1
A,1
C,1
A,0
G,0
C,1
G,0
T,0
G,0
C,0
T,0
C,1
G,0
C,1
G,0
G,0
A,1
T,0
A,0
C,1
C,0
G,0
G,0
A,0
G,1
C,1
G,0
A,0
G,1
G,1
G,1
A,1
T,1
T,0
C,0
G,1
C,0
G,1
A,1
C,0
A,1
G,0
A,0
A,0
G,1
G,0
T,1
T,1
G,0
C,1
T,1
T,1
T,0
T,0
C,1
C,0
T,0
G,0
G,1
A,1
G,1
C,1
G,1
T,1
T,1
C,1
G,0
G,0
A,1
G,0
G,0
G,0
A,0
A,1
C,1
G,1
T,0
A,1
T,1
A,1
A,0
T,0
T,1
T,0
A,1
A,0
C,1
A,1
G,0
G,0
A,0
A,0
C,1
A,1
G,0
G,1
A,1
C,1
A,0
G,1
G,1
T,1
A,0
C,0
C,0
T,0
A,0
A,1
C,1
A,1
A,1
A,0
C,1
C,1
G,1
C,0
G,1
C,1
A,1
A,1
T,0
A,1
A,0
A,1
T,1
C,1
A,0
C,0
C,0
G,1
C,0
A,1
C,1
A,1
G,1
G,0
T,1
T,0
G,1
T,0
C,1
C,0
A,0
G,1
G,0
A,1
G,0
T,0
G,0
G,1
G,1
A,1
A,1
G,1
T,1
T,1
A,1
C,1
T,1
A,0
C,1
T,1
A,1
G,0
T,1
G,0
T,1
A,0
G,1
C,1
T,1
A,1
T,0
A,1
T,1
C,0
A,0
C,0
A,0
G,0
T,0
G,0
T,0
C,1
A,1
G,1
G,0
G,0
A,1
A,0
C,1
T,0
A,0
A,1
G,0
C,1
T,0
T,1
T,0
T,1
G,1
T,1
A,0
C,0
G,1
T,1
T,1
T,1
G,0
C,1
C,0
C,1
C,1
A,0
G,1
C,0
G,1
G,1
A,0
T,1
G,1
T,0
C,0
A,0
T,1
T,0
C,0
T,1
C,1
T,0
T,1
A,1
G,0
T,1
T,1
A,1
T,1
G,0
T,0
A,0
T,0
A,0
C,0
T,1
C,0
A,1
C,1
T,0
A,0
C,0
C,0
A,0
C,1
C,0
T,0
A,1
G,0
T,0
T,1
G,0
T,1
C,1
C,1
G,1
A,1
C,0
T,0
G,1
T,0
A,0
A,0
T,0
G,0
C,0
A,0
C,0
C,1
G,1
T,0
A,1
A,0
C,1
G,1
A,0
C,1
C,0
A,0
C,1
T,1
A,0
A,1
T,1
C,1
T,0
T,1
G,1
C,1
G,0
T,1
A,1
G,0
A,0
G,1
T,1
T,0
A,1
A,0
A,1
G,1
G,0
T,1
C,0
T,0
C,0
C,0
A,1
G,1
G,0
A,1
A,1
G,1
C,1
G,1
G,1
T,1
G,1
C,0
G,0
C,0
G,0
G,0
C,1
A,0
G,1
T,1
T,0
A,1
G,0
T,0
A,1
A,1
T,0
T,0
C,1
T,1
A,1
C,0
C,0
G,1
C,1
T,1
G,1
A,1
C,0
A,0
A,0
C,1
T,1
C,1
G,0
G,0
C,0
A,1
T,1
C,1
A,1
T,1
T,0
G,0
C,1
A,1
T,0
A,0
G,0
G,0
T,0
G,0
A,0
G,0
G,0
T,1
C,0
A,0
G,0
T,0
A,1
T,0
T,1
A,1
C,0
A,1
T,1
C,1
G,0
G,0
A,0
C,1
A,1
A,0
G,0
G,1
T,1
C,0
C,0
C,1
C,1
G,0
C,0
C,0
C,1
G,0
A,0
T,0
C,0
A,1
C,1
A,1
A,1
G,1
T,0
G,1
A,0
T,0
C,0
G,0
G,0
T,0
A,1
T,0
A,1
A,0
T,1
G,1
C,1
C,0
G,0
C,0
C,1
A,1
T,0
G,1
G,1
A,0
T,1
T,1
A,0
T,1
G,0
A,0
T,1
A,1
G,1
C,1
C,0
G,0
A,0
C,1
A,0
C,1
C,1
A,0
A,1
A,0
C,0
T,0
C,1
A,1
G,1
C,1
C,0
T,1
T,1
A,1
G,1
C,0
G,0
G,1
A,1
A,0
G,1
A,0
A,0
T,1
C,0
G,1
C,0
C,0
C,0
A,1
A,0
T,1
G,1
G,0
A,0
C,1
G,0
T,1
G,0
T,0
G,0
T,0
T,0
A,1
G,1
C,1
G,0
T,1
C,0
C,0
T,1
G,0
G,1
A,0
C,1
A,1
C,0
C,1
C,0
C,1
G,0
A,1
C,0
C,1
G,1
T,0
A,1
C,1
C,0
T,1
G,1
C,0
A,1
T,1
A,1
T,1
T,0
G,1
C,0
T,0
T,0
G,0
G,0
A,1
T,1
G,1
G,1
G,0
A,1
A,1
A,1
T,1
T,0
A,1
A,1
G,0
T,0
G,0
A,0
A,1
T,1
A,1
C,1
T,1
T,0
C,1
G,1
A,0
G,0
T,1
T,0
G,1
T,1
G,0
A,0
G,1
C,1
A,0
A,1
G,1
T,1
A,0
G,0
C,1
G,1
G,0
G,0
C,1
G,1
G,0
A,0
C,0
C,1
T,0
A,1
C,0
T,1
G,0
A,1
T,1
T,1
G,0
G,0
A,1
T,0
A,0
A,1
T,1
T,1
T,1
A,0
T,1
T,1
T,0
A,0
T,1
A,0
A,1
G,1
C,1
A,0
C,0
T,0
A,0
C,0
G,0
A,0
A,0
A,1
G,0
G,0
T,1
G,1
T,1
A,0
A,0
C,0
G,1
C,0
G,1
C,0
G,0
T,1
C,1
G,1
C,1
C,0
G,0
C,1
G,1
C,0
A,1
A,1
A,1
T,1
A,0
A,1
G,0
A,1
T,0
T,1
T,0
A,1
A,0
A,0
T,0
T,1
C,1
A,1
C,1
G,0
G,1
T,1
C,0
T,1
C,0
G,1
G,1
A,1
C,0
A,1
A,1
T,0
C,1
T,0
T,1
T,1
G,0
C,0
T,1
G,0
A,0
A,0
C,0
C,0
G,0
C,1
A,1
C,0
C,1
A,0
G,1
C,1
A,0
C,1
G,1
C,1
G,1
G,1
G,0
T,1
G,0
G,1
T,0
T,1
C,1
C,1
A,0
G,0
A,1
G,1
T,1
G,1
T,1
A,1
C,1
A,0
C,0
G,0
C,1
G,1
T,0
G,1
G,1
A,0
C,0
T,0
T,0
G,1
C,1
G,0
G,0
A,1
C,1
C,0
A,1
T,0
T,1
A,1
A,0
A,1
G,0
G,0
C,1
C,1
C,0
C,0
G,0
C,1
G,1
C,1
C,0
C,0
T,0
T,0
T,1
A,1
G,0
T,1
T,0
G,0
C,0
G,1
C,0
C,1
G,0
G,0
G,1
A,0
G,1
A,0
C,0
C,0
G,0
T,1
G,0
C,1
A,0
C,0
C,1
G,1
C,1
A,0
A,1
A,0
G,1
G,0
G,1
C,1
T,0
C,1
C,1
C,1
A,0
G,0
C,0
A,1
C,1
A,0
G,1
G,0
G,0
C,1
C,0
A,0
G,0
C,0
A,0
G,1
A,1
A,0
G,1
G,0
T,0
T,0
G,0
T,1
T,1
C,0
A,1
A,1
T,0
G,0
T,1
T,1
C,1
G,1
G,0
T,0
A,0
C,0
T,1
T,0
T,1
C,1
G,0
A,0
T,1
A,1
A,0
G,0
T,1
C,0
C,0
C,1
A,1
A,0
C,0
A,0
A,1
G,0
C,0
T,1
A,1
C,1
T,0
G,1
A,1
G,0
T,0
T,0
G,1
T,1
G,1
C,0
A,1
T,1
T,0
G,1
G,0
G,1
G,1
C,1
G,0
C,1
T,0
A,1
C,1
A,1
T,0
C,0
C,1
G,1
T,1
T,1
T,1
A,0
C,1
G,1
A,0
T,1
T,0
G,1
C,0
C,1
C,1
G,1
C,1
C,0
C,0
G,1
G,0
A,0
C,0
A,0
C,0
C,0
T,0
C,0
C,1
A,1
G,0
C,1
C,1
C,0
C,0
A,0
T,0
C,0
C,0
G,0
T,1
T,0
A,1
C,0
T,0
T,0
G,1
C,0
A,1
T,0
A,1
G,0
G,1
T,1
C,0
T,0
G,1
T,1
T,1
C,1
C,0
T,1
C,0
A,1
T,1
T,0
G,0
T,0
A,1
A,1
A,0
G,0
T,1
C,0
C,1
A,0
T,0
G,0
G,0
A,1
T,1
G,0
A,1
G,1
T,0
A,0
T,0
A,1
A,0
T,1
T,0
A,1
G,0
A,0
A,1
G,0
T,0
A,0
G,1
G,1
A,0
G,1
T,1
T,1
G,1
C,1
T,0
C,0
C,1
T,0
A,0
G,0
A,0
T,0
T,0
G,1
A,1
A,0
G,1
G,0
C,0
G,1
T,1
G,0
T,0
G,0
T,1
T,1
T,1
T,1
C,1
T,1
A,1
A,0
G,1
T,1
C,1
A,1
G,0
A,1
A,1
G,0
A,0
T,0
C,1
G,1
C,0
T,1
A,0
C,0
A,0
A,0
A,0
A,0
T,0
A,0
C,0
G,1
C,1
A,0
T,0
C,1
T,0
G,1
T,1
C,1
A,0
T,0
G,1
C,0
A,1
C,1
T,0
G,0
G,1
G,0
C,0
G,0
A,0
A,1
G,0
G,1
T,0
C,0
C,1
C,0
A,1
G,0
C,0
A,1
T,0
G,1
A,1
T,1
C,0
T,1
T,0
C,1
A,1
T,1
G,0
G,0
C,0
T,1
A,0
A,0
A,1
A,1
T,1
T,1
T,0
A,1
A,1
G,0
G,1
C,0
T,1
A,0
C,1
A,0
C,0
G,1
A,0
G,0
A,0
T,0
T,0
C,1
A,1
C,0
T,0
C,1
A,1
G,0
A,0
A,1
G,0
C,1
T,0
C,1
G,0
T,1
G,0
G,1
T,0
T,1
T,1
C,0
T,0
T,0
A,1
C,0
T,0
A,0
A,0
T,0
A,1
T,1
C,1
A,1
T,1
A,1
C,0
T,1
G,1
G,0
C,0
G,1
T,0
T,0
C,1
A,1
A,1
T,0
C,0
A,0
C,1
C,0
T,0
T,1
G,0
T,1
A,0
C,0
G,0
C,1
T,1
C,0
T,0
G,1
A,0
C,0
C,0
G,0
G,0
G,0
T,1
A,0
T,1
G,0
C,1
T,0
T,1
A,1
G,0
G,0
C,0
A,1
C,0
A,1
C,0
G,0
G,0
C,0
C,0
C,1
T,0
G,1
G,1
A,1
T,1
C,0
T,1
G,1
T,1
A,1
A,1
T,0
T,1
A,1
A,1
A,0
T,0
T,1
A,1
G,1
A,1
T,1
A,0
C,1
G,1
T,0
G,1
C,0
C,0
C,0
C,1
G,1
A,0
C,0
G,0
A,0
G,1
C,0
T,1
A,1
C,1
G,1
A,0
T,1
C,1
G,0
A,1
C,0
G,1
T,0
G,0
A,1
A,0
A,0
T,0
G,1
A,1
C,1
T,0
G,1
A,1
T,1
G,0
C,0
A,1
G,1
C,1
T,1
T,0
G,0
C,1
T,1
T,1
C,1
A,1
C,1
G,0
C,1
C,0
T,1
C,1
C,0
G,0
T,0
T,0
A,1
G,0
C,0
T,1
C,1
C,1
C,0
G,0
T,1
T,1
C,0
G,1
T,0
G,0
T,0
T,1
A,1
T,1
G,1
C,1
G,1
G,0
C,1
A,1
C,0
C,0
A,0
C,0
G,1
T,0
G,0
A,0
T,0
G,0
G,0
G,1
C,1
G,1
T,0
C,1
T,0
T,1
C,0
C,1
G,0
T,0
G,1
C,0
T,0
C,1
G,1
C,0
C,0
G,1
T,0
G,0
T,0
C,1
T,0
A,0
T,0
G,0
T,0
T,1
G,0
C,1
C,0
T,1
T,1
G,0
C,0
T,1
T,1
A,0
T,0
T,1
A,0
T,1
A,1
C,0
T,0
A,0
A,0
A,0
T,1
C,0
T,1
T,1
C,0
T,1
T,0
T,1
G,1
A,0
T,0
C,0
T,0
G,0
A,1
A,0
A,1
G,0
G,1
G,1
C,0
G,1
C,0
C,1
A,1
A,0
A,0
G,1
G,0
T,1
T,1
A,0
G,1
T,0
C,1
G,1
G,0
T,0
C,1
T,1
A,1
G,0
A,1
A,0
A,0
A,1
C,0
G,1
C,0
T,1
C,0
C,1
A,0
A,1
A,0
T,1
G,1
A,1
A,1
T,0
G,1
A,0
T,0
T,1
T,0
C,0
A,1
G,0
G,1
T,1
G,0
T,1
C,0
A,0
C,0
C,1
C,1
C,1
G,1
G,0
A,0
G,0
T,1
G,1
T,0
T,1
C,1
C,0
C,0
C,0
C,1
G,0
G,1
T,1
C,0
C,1
T,1
C,0
A,0
A,1
G,0
T,0
T,0
G,0
A,0
T,0
G,1
G,1
T,1
T,1
C,0
C,0
G,0
T,0
T,0
A,1
T,0
C,0
T,0
T,0
A,1
C,0
A,0
A,0
C,0
A,1
T,0
C,0
A,1
A,0
G,0
G,1
C,0
A,0
T,1
T,0
G,0
G,1
A,1
G,1
C,1
C,1
G,0
T,1
G,0
T,1
C,1
C,0
C,1
G,1
T,1
A,0
G,1
G,0
T,0
A,0
C,1
C,0
G,1
A,0
T,1
A,0
T,0
T,1
C,1
A,0
T,0
A,0
T,0
A,1
G,1
A,1
A,0
A,1
G,0
C,1
A,0
G,1
T,0
A,0
C,0
G,0
C,0
A,0
G,0
C,1
C,0
T,1
A,0
A,0
A,0
G,0
A,1
C,1
A,1
T,0
A,0
T,0
A,1
A,0
G,0
T,0
C,1
G,1
C,0
C,1
T,0
G,1
G,0
G,1
A,1
A,1
G,0
G,1
C,1
G,1
C,1
G,0
T,1
T,1
A,1
A,1
A,0
A,0
C,1
T,1
C,0
T,0
T,1
G,1
G,1
T,0
C,0
T,1
C,0
A,0
G,1
A,0
G,0
A,0
C,1
G,0
T,0
T,0
G,1
G,1
A,1
T,0
G,0
T,1
G,0
T,0
G,0
G,0
A,1
A,0
C,1
C,0
C,0
C,1
C,0
A,0
A,0
A,0
C,1
G,0
A,0
T,1
T,1
G,0
C,1
G,1
T,0
A,0
G,0
C,1
A,0
G,0
A,0
T,0
A,1
T,0
G,1
C,0
T,1
G,0
A,0
A,1
A,0
T,1
A,0
T,0
C,0
G,0
A,1
C,0
C,1
C,1
T,0
T,0
A,0
A,0
G,0
T,1
C,1
G,0
T,1
G,1
T,1
G,0
C,1
A,1
G,1
C,0
G,0
C,0
T,0
T,0
A,0
C,0
C,0
A,0
G,1
A,1
T,0
A,1
A,0
G,0
A,0
A,1
A,0
T,1
C,0
T,1
C,1
G,1
A,1
T,0
G,0
T,0
G,0
G,0
T,1
T,1
A,1
G,0
T,0
A,1
A,1
G,1
A,1
G,0
C,1
T,1
C,1
A,0
G,0
T,0
G,1
G,0
A,0
G,0
A,0
T,0
C,1
T,0
T,1
A,1
G,1
G,0
G,0
T,1
T,1
T,1
T,1
C,0
G,1
G,1
G,1
A,1
A,0
C,1
G,1
C,1
T,1
G,0
T,0
G,0
T,0
T,0
G,0
A,1
T,0
T,0
T,0
C,1
C,0
G,0
T,1
C,0
C,1
T,0
A,0
C,1
A,0
G,1
G,1
A,0
G,1
C,1
T,1
T,0
C,0
T,1
G,1
G,0
T,0
G,0
C,0
C,0
T,1
C,1
A,1
C,1
T,1
G,1
A,1
T,1
G,1
A,1
A,0
A,1
T,1
C,1
A,1
T,0
A,1
C,1
A,0
A,1
G,1
T,1
A,1
T,1
A,0
T,1
A,0
T,1
G,1
T,0
T,0
G,0
G,1
A,1
C,0
C,0
T,0
C,1
G,1
A,1
A,0
C,0
T,0
G,0
G,0
C,1
T,0
G,0
A,1
T,1
T,0
G,1
C,1
G,0
G,1
G,0
T,0
A,0
A,0
T,0
T,0
G,0
T,0
T,1
A,1
T,0
C,0
T,1
C,1
T,1
T,1
T,1
C,1
A,1
G,1
C,1
C,0
C,1
G,0
A,0
G,0
C,1
G,0
C,0
G,1
T,0
C,0
T,0
C,1
C,1
A,1
A,0
T,1
G,0
A,1
T,1
T,1
A,1
G,1
G,1
A,1
T,1
G,1
C,0
C,0
C,0
G,0
A,0
G,1
C,0
A,1
A,1
T,0
G,0
G,0
G,0
A,1
C,0
G,1
A,0
C,0
A,0
C,1
A,0
G,0
C,0
C,0
A,0
G,1
C,1
G,0
T,1
A,1
C,1
T,0
G,1
A,0
A,1
T,0
G,0
A,1
C,0
T,1
G,1
A,1
A,0
C,1
A,1
T,1
C,0
T,0
T,0
G,0
C,1
G,1
T,1
C,0
C,1
G,0
C,0
G,1
G,0
T,1
A,0
T,1
G,0
A,0
G,0
T,0
C,0
T,0
A,0
C,0
G,0
T,0
A,1
G,1
T,0
A,1
G,1
C,1
G,1
A,0
G,0
T,1
T,1
C,0
G,0
G,0
A,1
A,0
T,0
T,1
A,0
G,1
A,0
A,1
G,1
G,1
C,1
G,1
G,1
G,0
A,0
T,0
A,1
A,0
T,0
C,1
A,1
A,1
T,0
G,1
C,1
A,0
A,1
G,0
G,1
G,0
A,1
T,1
T,1
A,1
T,0
G,1
C,0
C,1
T,1
C,1
A,1
A,1
T,0
G,0
G,1
A,0
T,0
C,1
A,0
T,0
T,1
T,0
A,0
G,1
G,1
C,0
A,0
C,0
G,1
A,0
A,1
C,0
T,0
G,0
G,1
C,1
G,1
T,1
A,0
A,1
A,0
G,0
C,0
G,0
T,1
A,0
G,1
A,0
A,0
T,1
G,1
T,1
A,1
C,0
A,0
A,1
T,0
T,1
C,0
G,1
T,0
C,1
T,0
A,0
T,0
T,1
A,0
G,0
C,0
T,0
A,0
C,0
G,1
G,1
A,0
A,1
G,1
C,1
A,0
C,1
C,1
A,0
G,0
A,1
C,0
G,0
G,1
C,0
T,1
C,1
A,1
G,0
G,0
A,1
T,1
T,1
G,0
G,1
T,1
C,1
T,1
T,0
A,0
T,1
C,1
A,1
A,1
T,1
C,0
A,0
T,0
C,1
A,1
A,0
T,1
T,1
C,1
G,0
G,0
C,1
T,1
G,0
C,0
T,0
T,0
G,0
T,0
C,1
C,1
G,0
A,1
C,1
A,1
G,0
G,0
T,0
G,0
C,0
A,1
C,0
T,1
C,1
G,1
C,1
T,1
T,0
A,0
C,0
T,1
T,1
C,0
T,0
C,0
G,0
G,0
A,1
T,0
T,0
G,0
T,1
G,0
T,0
G,1
T,1
A,0
T,1
T,1
C,0
C,1
T,0
T,0
A,1
T,0
T,1
C,0
A,1
C,1
T,1
G,1
C,0
G,1
G,0
T,0
A,1
C,0
T,0
G,0
A,0
C,1
A,0
C,1
C,0
A,0
A,0
T,0
A,0
A,1
G,0
A,1
A,1
A,1
T,1
T,0
A,1
G,1
T,0
T,1
G,1
C,1
T,1
T,0
T,0
A,1
A,1
G,0
C,0
G,0
G,1
C,1
A,0
T,1
T,1
A,0
G,1
A,0
T,1
G,1
T,1
G,1
T,1
T,1
T,0
G,1
T,0
A,1
G,0
G,1
G,0
G,0
T,1
G,0
T,0
G,0
T,0
T,0
A,0
A,0
A,1
A,1
G,1
T,0
T,1
T,0
G,1
A,1
T,1
C,0
A,1
G,0
T,0
G,1
T,0
C,1
A,0
T,0
T,1
G,0
T,1
C,1
G,0
A,0
G,1
G,1
G,0
G,0
G,0
T,1
C,0
T,0
G,0
A,0
C,1
A,0
G,1
G,1
G,1
A,1
A,0
A,1
C,1
T,1
G,1
T,1
G,1
A,1
T,0
A,1
T,0
A,1
C,0
T,1
C,0
T,0
T,0
T,1
G,0
G,1
A,1
A,0
C,1
G,1
T,0
C,1
A,1
A,0
C,1
T,0
G,0
T,0
A,0
G,0
C,0
C,1
C,1
A,1
G,1
A,0
G,1
A,0
G,1
A,1
C,1
T,1
C,0
G,0
G,0
A,1
C,0
C,1
T,0
A,0
G,1
C,0
T,0
C,0
A,0
G,1
A,0
C,1
T,0
T,1
C,0
T,1
T,0
G,1
T,1
A,1
C,0
G,1
C,0
C,0
A,0
A,1
T,0
G,0
C,1
G,0
C,1
G,0
T,1
G,0
A,0
T,1
A,0
T,1
T,1
C,0
T,1
G,1
A,0
A,1
T,1
T,1
C,0
T,0
G,1
A,0
T,0
C,1
A,1
G,1
T,0
G,1
T,0
G,0
C,0
A,1
G,1
C,1
G,1
A,1
T,1
A,1
G,0
T,0
C,0
T,1
T,0
G,1
T,1
A,1
G,1
G,0
C,0
G,1
A,0
T,0
G,0
T,0
A,1
G,1
T,1
A,1
C,0
C,0
T,1
A,0
C,0
G,1
T,0
A,1
T,1
C,1
A,0
T,0
C,1
G,0
C,1
G,0
T,0
T,1
G,0
T,1
T,0
G,0
C,1
A,1
T,1
T,1
C,0
A,0
A,1
G,1
A,1
G,0
G,1
T,0
C,0
T,1
C,0
G,0
G,0
A,1
A,0
T,0
T,1
A,0
C,0
C,0
C,1
A,0
C,1
G,0
A,1
G,1
T,0
A,1
T,0
A,0
G,1
G,0
T,1
C,0
C,0
G,1
A,1
C,1
A,0
A,1
T,0
T,1
T,1
C,0
A,0
C,1
G,0
C,0
G,0
T,0
A,0
A,0
T,0
G,0
A,0
C,0
G,1
A,1
T,1
G,1
T,0
T,0
G,0
C,0
T,0
G,1
G,0
A,0
T,0
G,0
T,1
T,1
C,0
A,1
C,1
T,1
C,1
G,0
G,0
G,0
C,0
T,1
C,0
G,1
G,1
C,0
A,1
A,0
A,1
G,0
A,1
A,1
A,0
G,0
A,1
A,1
A,0
A,0
A,0
T,0
G,1
C,0
G,1
T,1
C,1
G,1
A,1
C,1
A,0
A,1
A,0
C,1
T,0
G,0
T,1
C,1
G,1
G,1
G,0
C,1
C,0
A,0
T,1
C,1
T,0
A,0
G,0
C,1
G,1
C,0
T,0
A,0
C,0
A,1
C,1
C,1
C,1
A,0
T,0
A,0
G,0
G,0
C,0
T,1
G,1
A,1
G,1
G,1
G,1
A,0
C,1
A,0
G,1
A,0
C,0
T,0
A,0
G,1
T,1
C,0
T,1
C,0
G,1
C,0
T,0
T,0
A,0
C,0
T,0
T,0
C,1
T,0
A,0
T,0
G,1
A,0
G,0
A,1
A,1
C,1
A,1
A,1
A,1
T,0
T,1
G,1
G,0
G,0
G,0
A,0
A,1
C,1
C,1
C,0
T,1
A,0
C,0
C,1
A,0
C,0
C,1
A,0
T,1
C,1
T,0
A,0
C,0
C,1
G,0
G,0
A,1
T,0
C,1
G,0
T,1
A,0
G,1
T,0
T,0
T,1
C,0
T,1
T,1
T,1
T,0
A,1
T,0
T,0
G,1
G,0
G,0
G,0
A,0
G,0
T,0
C,0
A,0
G,1
A,0
C,0
G,1
C,1
C,1
A,0
C,1
T,0
C,0
A,0
T,1
G,0
G,0
A,1
T,1
A,1
G,1
A,1
C,0
C,1
A,0
A,0
T,0
A,1
G,1
C,1
T,1
C,0
T,0
T,1
G,0
C,0
A,0
G,1
C,0
T,1
G,0
C,0
C,1
G,1
T,0
A,0
T,1
G,1
G,0
G,0
C,1
C,1
G,1
A,0
A,1
T,0
G,0
G,0
G,1
C,1
T,1
T,0
T,0
T,1
G,1
G,0
A,1
G,1
T,0
G,1
C,0
A,0
G,0
G,0
C,0
A,0
T,0
A,0
A,1
T,1
T,1
G,0
C,0
G,1
C,1
C,1
A,0
A,0
A,0
G,1
C,0
G,1
A,1
A,1
T,0
G,0
G,0
T,0
G,1
C,0
G,0
C,0
T,0
A,0
C,0
T,0
G,1
C,0
T,0
C,1
T,1
T,0
C,0
G,1
G,0
T,1
G,0
A,0
A,0
T,0
C,0
T,0
T,1
C,1
C,0
T,0
C,0
T,1
T,1
A,0
G,1
T,1
G,1
A,0
C,0
G,1
G,0
G,1
T,1
G,0
T,0
T,1
G,0
G,1
A,0
A,1
T,1
T,0
G,0
G,0
C,0
C,0
C,1
T,1
A,0
C,1
T,1
C,1
C,1
C,1
G,1
T,0
G,0
G,1
C,1
G,0
C,1
T,1
A,1
G,1
T,0
T,1
C,1
C,0
T,0
G,1
G,1
T,1
A,1
A,1
C,0
T,1
C,0
T,1
C,1
T,0
A,0
G,0
C,1
C,0
G,0
C,0
A,1
T,1
T,1
C,1
G,0
C,0
T,0
T,0
T,0
A,1
A,1
A,0
A,0
G,0
C,1
G,0
G,1
C,1
T,1
G,0
C,0
C,0
T,1
C,1
C,0
A,0
A,0
A,0
T,1
A,0
T,0
C,0
G,0
T,0
G,1
T,0
T,0
T,1
T,1
G,0
G,0
G,0
C,1
G,1
C,1
C,0
C,1
G,1
T,1
C,1
G,1
C,0
A,0
C,1
A,0
T,1
T,1
G,0
T,1
A,1
G,0
G,1
G,0
A,1
C,1
T,0
G,0
C,1
T,0
T,0
G,1
C,0
A,0
C,0
T,1
C,0
T,1
T,1
T,0
C,1
A,0
G,0
G,0
T,0
C,1
G,0
C,1
T,0
T,1
T,1
C,0
T,1
T,1
T,1
A,1
G,0
C,0
T,1
G,1
C,1
C,1
T,0
C,1
C,0
G,1
T,0
G,0
C,1
T,1
C,0
T,0
A,0
C,1
G,0
A,1
A,0
C,0
A,1
T,0
A,0
G,1
T,1
T,1
T,0
T,0
C,0
G,0
G,0
G,0
G,1
G,0
G,0
A,0
G,0
A,0
G,1
C,1
T,1
A,0
A,1
C,0
T,0
G,1
T,0
T,0
C,0
C,1
T,0
T,1
T,0
A,1
G,1
C,0
C,0
G,1
A,0
T,1
A,1
G,1
A,0
T,0
T,1
C,0
A,0
A,1
G,0
G,0
T,1
G,0
C,0
G,0
C,0
C,0
G,1
C,0
T,1
G,1
T,0
C,1
A,1
C,1
C,0
T,0
G,1
G,0
C,0
C,1
A,0
G,1
A,1
C,0
T,0
T,0
C,0
G,0
G,0
A,1
G,0
A,1
C,0
A,1
C,0
T,0
C,0
G,1
C,1
T,0
G,1
A,0
C,1
C,0
T,1
T,0
G,1
C,1
G,1
G,1
A,1
T,1
G,1
T,1
A,1
G,0
T,1
C,0
T,0
C,1
C,1
G,0
A,0
C,1
A,1
C,1
A,1
T,0
A,0
G,0
G,1
G,1
C,0
T,0
A,1
A,0
T,1
C,1
C,0
A,1
C,0
T,1
A,0
G,1
G,1
A,0
G,0
G,1
C,1
G,1
G,1
T,0
A,1
T,0
C,1
C,0
G,0
G,0
T,0
T,1
G,0
C,1
A,1
A,1
C,1
T,1
A,1
T,1
C,1
G,0
A,1
G,0
G,1
A,0
C,0
C,1
C,1
C,0
T,0
A,1
T,1
C,0
T,0
C,1
A,1
C,0
A,1
C,1
G,0
A,1
G,0
G,0
C,0
G,1
G,0
A,0
T,0
C,1
A,1
A,1
T,1
C,1
A,1
A,0
G,1
A,0
T,0
G,0
A,0
C,1
A,1
G,1
T,0
G,0
G,1
G,0
T,0
T,0
A,0
T,0
T,0
C,0
G,1
G,0
T,0
C,1
C,1
G,0
T,1
C,1
T,1
A,0
G,1
A,0
T,1
A,1
C,0
G,0
G,1
G,1
A,1
G,0
C,0
A,0
A,1
C,1
T,1
A,0
C,1
T,1
C,1
C,0
T,0
T,1
A,1
C,1
T,1
A,0
G,1
C,0
A,0
T,0
C,1
G,1
T,0
T,1
T,1
A,0
C,0
G,1
T,1
A,0
T,0
C,0
A,1
C,0
C,1
A,1
T,1
C,1
T,1
C,1
G,1
G,0
T,0
G,1
C,1
T,1
A,0
A,0
T,0
T,1
A,1
T,1
A,1
G,1
T,1
G,1
C,1
T,0
C,1
T,0
A,1
A,0
A,0
G,0
C,1
T,0
T,0
G,1
G,1
A,1
G,1
A,1
G,1
G,1
C,1
C,0
T,1
G,1
T,1
C,0
C,0
T,0
T,1
T,0
A,0
C,1
A,0
A,0
G,1
C,0
C,0
C,0
A,0
C,0
C,1
T,0
A,1
A,1
A,0
T,1
G,0
T,1
C,1
C,1
G,0
C,1
A,0
C,1
A,1
C,1
G,1
A,0
G,0
G,0
A,0
G,1
C,0
C,1
G,1
A,1
C,1
T,0
G,1
G,0
A,1
G,1
A,1
T,0
A,1
C,1
G,1
T,0
C,0
A,0
G,0
C,0
A,1
A,1
T,1
A,1
T,0
T,0
G,1
T,0
C,1
G,1
T,0
A,1
A,1
G,1
G,1
A,0
C,1
T,0
T,1
A,0
T,0
T,0
T,0
T,1
G,0
C,0
C,0
G,0
C,1
C,1
T,0
G,1
C,1
C,1
T,1
T,0
T,1
C,1
A,1
T,0
T,1
C,1
T,0
T,1
C,0
C,1
G,1
G,0
T,1
T,1
T,0
T,1
A,0
C,0
T,0
A,1
C,0
G,1
G,1
G,0
T,0
C,0
C,0
C,1
G,0
A,1
G,1
T,0
G,0
T,0
C,1
A,0
C,0
C,1
T,0
A,0
G,1
T,1
A,0
A,0
G,1
T,0
C,1
A,0
T,1
C,1
T,1
C,0
A,1
A,1
G,1
G,1
T,0
T,1
C,1
C,0
G,1
A,1
G,1
C,0
A,0
C,1
T,0
C,0
C,1
G,0
A,0
C,0
T,0
C,0
A,1
A,0
A,0
T,1
A,1
G,1
C,1
T,1
A,1
C,0
G,1
G,0
C,0
T,1
C,1
G,1
C,0
G,1
A,1
C,1
C,1
A,0
G,1
C,0
A,1
C,0
G,0
C,0
G,1
G,1
C,0
T,0
G,0
G,1
T,0
T,1
G,0
G,1
C,0
A,0
C,1
G,1
T,1
C,0
T,1
G,0
G,0
G,1
A,1
G,0
G,1
G,0
T,1
A,1
C,0
A,1
T,0
A,0
C,0
T,1
T,0
G,0
G,0
T,0
C,0
A,0
C,1
C,0
C,1
T,0
C,1
C,0
T,0
G,1
A,0
A,1
A,1
T,0
T,1
G,1
G,1
A,1
A,0
A,0
G,1
T,0
A,0
A,1
T,1
A,0
T,0
C,0
T,1
T,1
C,1
A,1
A,0
A,0
T,0
C,1
G,1
C,0
G,0
T,0
C,1
G,0
G,0
C,1
A,1
G,1
G,0
T,0
G,1
A,0
C,1
T,1
T,0
T,0
A,1
G,1
A,0
C,1
A,1
G,0
T,1
A,0
G,0
T,0
G,0
G,1
T,1
G,1
A,1
T,0
C,1
T,1
T,1
A,1
G,1
G,0
C,1
C,1
G,0
A,0
G,0
C,1
C,0
C,0
A,0
A,0
A,0
A,0
C,0
T,0
T,0
T,1
C,1
A,0
A,1
C,1
T,1
G,0
A,1
T,1
C,0
A,0
A,0
C,1
G,0
A,1
A,0
T,0
C,0
T,1
G,1
C,1
A,0
G,1
A,0
A,1
G,0
T,1
T,0
G,1
A,0
T,0
C,0
C,0
G,1
G,1
C,0
G,1
A,0
G,1
G,0
A,0
T,1
G,0
C,0
G,1
A,0
C,1
C,0
A,0
G,0
T,1
C,0
G,0
A,0
G,1
T,0
T,1
T,1
T,1
A,1
G,0
T,0
A,0
G,0
C,1
C,1
A,0
A,0
A,1
A,1
C,1
T,1
G,0
T,0
C,0
T,0
G,1
G,0
A,0
C,0
G,0
C,0
C,1
A,1
A,1
A,1
C,1
A,1
A,1
A,0
G,1
A,1
T,1
C,1
T,1
G,1
C,0
C,0
A,1
C,0
A,1
T,1
C,1
A,1
C,0
C,1
C,0
A,0
G,1
G,0
T,0
C,0
C,0
G,0
T,1
G,1
A,0
G,0
C,1
T,1
G,0
G,0
G,1
A,1
G,1
A,1
G,1
G,1
G,0
G,0
C,0
T,0
G,0
G,1
A,1
T,1
G,1
C,1
T,0
C,1
T,0
T,1
A,0
C,0
G,0
C,0
C,1
G,0
C,1
A,0
T,1
T,1
C,1
C,0
G,0
T,0
G,1
C,1
T,1
C,0
T,0
C,0
C,1
T,1
A,0
A,1
C,1
C,0
A,0
G,1
A,1
A,1
T,0
A,1
A,1
A,0
G,0
G,0
C,1
T,1
G,1
C,0
T,0
G,1
A,0
C,0
A,0
A,0
A,1
T,1
A,1
G,0
C,1
A,0
A,0
C,1
A,0
G,1
A,0
C,1
T,0
A,0
A,0
G,0
C,1
T,0
G,0
T,1
G,0
A,0
A,0
A,0
T,1
A,0
A,0
G,1
G,0
G,0
G,0
C,0
A,1
C,0
T,1
C,0
T,0
C,0
T,1
T,0
G,1
G,1
G,1
A,0
A,0
A,0
T,1
G,1
C,1
A,1
G,0
G,0
A,0
T,1
C,1
A,0
G,0
A,1
C,1
G,1
G,1
A,0
C,1
G,1
G,0
C,1
C,1
G,1
T,1
T,0
C,0
C,1
T,1
G,0
C,0
C,1
C,1
A,0
T,0
C,1
T,0
A,0
A,1
C,0
T,1
A,0
A,0
T,1
A,0
A,0
A,1
T,1
G,0
T,1
C,0
G,0
C,0
G,0
T,0
C,0
C,0
T,0
A,1
A,1
T,1
C,1
C,0
T,1
G,1
T,1
T,1
G,0
A,1
T,1
A,0
G,1
A,1
C,1
G,1
A,1
A,0
C,1
A,1
T,0
A,1
C,0
G,0
G,1
G,1
A,1
A,1
T,0
C,0
T,0
G,0
C,1
T,0
G,1
T,0
T,0
A,1
A,1
G,0
T,0
G,1
A,0
T,0
G,0
T,0
C,1
G,1
C,0
C,0
A,1
C,0
G,0
C,1
A,1
T,1
G,0
T,0
C,1
T,0
A,0
T,1
T,0
A,1
G,1
G,0
G,0
C,0
T,0
C,0
G,0
A,1
G,0
G,0
T,0
G,1
T,1
T,0
A,1
C,1
T,1
C,1
T,1
G,0
T,1
G,0
A,1
G,0
A,0
T,0
A,0
A,1
G,0
C,1
T,1
A,0
C,1
A,0
C,0
G,1
G,1
T,0
A,1
A,1
C,1
C,1
G,1
C,0
C,1
C,0
T,0
C,1
A,0
T,1
C,0
T,0
A,0
C,0
C,0
C,1
A,0
G,0
C,1
T,1
G,1
T,0
A,0
G,0
G,0
C,0
A,1
A,1
G,1
C,0
T,0
A,0
A,0
A,0
T,1
G,1
T,1
T,0
G,1
T,0
C,1
T,1
T,0
C,0
C,0
C,1
T,1
C,1
C,1
A,1
C,0
C,0
T,0
C,1
G,1
T,0
C,0
C,0
C,1
C,0
T,1
A,1
C,1
G,1
T,0
A,1
A,0
A,1
A,0
A,1
G,1
T,1
C,1
C,0
C,1
G,0
A,1
G,0
C,1
T,1
G,1
A,0
C,1
C,1
G,1
A,1
A,0
G,0
C,1
C,1
A,0
T,0
A,0
A,0
T,0
T,0
G,1
C,1
T,1
A,0
A,0
C,0
C,1
G,1
G,1
C,1
G,1
C,1
T,0
T,1
C,1
T,1
A,0
C,0
T,1
A,0
G,0
A,1
C,0
T,0
G,1
A,0
G,0
G,1
A,0
T,1
A,1
G,0
G,1
C,1
C,0
C,0
C,0
T,0
A,0
A,1
C,0
C,1
C,0
C,0
A,0
G,1
A,1
A,0
T,1
T,1
G,1
C,0
A,0
A,1
A,1
T,0
G,0
C,0
A,0
A,1
T,0
C,0
T,1
G,1
G,1
C,0
C,0
C,1
A,0
A,0
T,1
C,1
G,0
A,1
A,0
C,1
G,0
T,0
A,1
T,0
T,1
T,1
T,0
A,1
C,0
T,1
C,1
G,0
A,1
A,1
G,1
A,1
T,0
A,1
T,1
T,0
T,1
G,0
G,1
C,0
A,1
T,1
G,1
G,0
C,0
C,0
C,1
A,0
G,1
T,0
G,1
A,0
G,1
T,1
A,0
T,1
A,0
A,1
G,0
A,1
T,0
A,0
G,1
A,1
A,1
G,1
G,1
C,0
T,0
A,0
C,1
T,0
A,0
G,0
A,0
C,0
T,0
C,1
A,0
A,0
A,1
A,0
G,0
A,1
C,1
A,1
G,1
C,0
G,0
G,1
C,0
C,0
G,0
C,0
C,1
T,1
T,0
T,1
A,0
G,0
T,1
C,1
C,1
T,0
T,1
T,0
T,0
C,1
T,0
G,1
A,1
A,0
T,0
G,1
A,1
G,1
C,1
G,1
A,0
G,1
C,0
G,1
C,1
C,0
G,1
A,1
C,1
T,1
A,0
T,0
A,0
T,1
T,0
T,0
G,1
T,1
T,0
T,0
A,0
C,0
A,0
G,1
G,1
T,0
A,0
G,1
G,1
G,1
G,1
C,1
T,1
T,0
A,1
T,1
A,0
A,1
G,1
G,0
T,0
T,0
A,1
T,1
C,1
C,0
T,1
T,0
G,1
G,1
A,0
A,0
A,1
G,1
G,0
A,0
C,0
C,0
G,0
G,0
A,1
C,0
T,1
C,0
G,1
T,0
A,0
C,1
G,0
T,0
A,1
G,0
T,0
C,1
A,1
G,1
A,1
T,1
C,1
G,0
G,0
T,1
T,1
T,0
A,0
G,0
A,1
A,1
C,1
A,1
A,1
A,1
A,1
T,0
C,0
A,0
A,0
C,0
A,1
C,1
G,0
G,0
G,1
C,0
G,0
A,1
G,1
G,1
G,1
C,1
G,0
G,0
C,1
A,1
A,0
A,0
T,0
G,1
T,0
T,1
T,1
C,0
T,0
C,0
C,0
T,0
G,1
A,1
T,0
A,1
C,0
T,0
T,0
C,1
T,1
C,0
C,0
T,0
A,1
A,1
T,1
T,1
C,0
G,1
C,0
T,0
C,1
T,1
A,1
T,1
C,0
C,1
T,1
A,0
A,1
T,1
G,0
T,0
G,0
A,0
T,0
C,1
T,0
A,0
A,0
C,1
C,0
A,1
C,0
A,1
G,0
C,1
C,1
G,1
G,0
T,1
G,0
T,1
C,0
C,0
C,1
G,0
T,1
A,0
C,1
G,0
C,0
G,0
C,0
T,0
A,0
A,0
A,0
T,1
C,1
T,1
A,1
G,0
C,1
G,0
C,1
A,0
C,1
T,0
A,1
C,1
A,0
C,1
A,0
C,0
G,1
C,1
A,0
T,1
T,1
G,1
G,0
G,1
G,0
A,1
G,0
G,1
A,0
T,0
C,1
G,0
T,1
T,1
A,0
G,0
T,0
T,1
G,1
A,0
C,0
G,1
T,0
G,1
C,0
G,1
T,0
C,1
C,0
C,1
A,1
A,0
C,0
C,0
G,1
T,1
G,0
C,1
A,0
T,1
T,0
T,0
C,0
T,0
G,0
T,1
G,0
G,1
T,1
C,0
G,1
T,0
C,1
T,1
G,0
T,0
A,0
T,0
T,0
A,1
C,0
C,0
G,1
A,0
A,0
G,1
A,1
A,0
A,1
G,0
T,1
C,0
T,0
G,1
C,1
G,1
C,0
G,0
G,0
G,0
A,1
A,1
C,0
C,0
T,1
C,1
G,1
G,1
C,1
G,0
A,1
A,0
A,1
C,0
T,0
T,0
C,0
G,0
A,1
G,1
G,1
C,0
A,0
A,1
C,1
T,1
A,0
C,0
C,1
A,1
T,1
C,0
C,0
A,0
C,1
A,0
T,1
A,1
C,0
C,1
T,0
G,1
T,1
G,0
G,1
C,0
C,1
A,0
C,1
G,0
G,0
C,0
C,0
T,0
C,1
T,1
G,0
T,1
G,0
G,0
T,1
T,1
G,0
T,1
A,0
A,1
T,0
G,0
G,1
C,0
C,0
G,1
G,1
C,0
C,0
A,0
C,1
C,0
A,1
A,0
A,1
A,0
C,0
C,0
G,0
G,0
C,0
T,0
C,1
T,0
T,1
A,1
C,0
C,1
T,1
C,0
A,1
T,0
C,1
A,0
A,0
C,0
T,1
G,0
A,1
A,1
C,1
C,0
C,0
G,0
C,0
A,0
A,1
A,1
T,1
T,0
A,0
G,1
G,0
C,0
G,0
C,1
G,1
T,1
C,1
G,1
G,0
A,1
A,0
G,0
T,0
A,1
A,0
T,0
G,0
T,1
T,0
A,1
A,0
T,1
G,0
G,0
T,1
C,1
A,1
G,1
T,1
T,0
C,1
T,0
T,1
T,1
A,0
C,0
T,0
C,0
G,1
G,0
C,1
A,0
G,0
C,0
G,1
C,1
T,0
G,0
T,1
T,0
T,1
G,0
T,1
A,1
C,1
A,1
G,0
C,1
C,0
C,0
A,1
G,1
C,1
C,0
T,0
C,0
C,1
C,0
T,1
C,0
T,1
C,1
A,1
C,1
G,0
C,0
A,0
G,1
C,1
C,1
T,1
T,0
C,1
T,0
G,0
G,0
C,0
C,1
A,0
C,1
A,1
C,0
A,0
G,0
A,0
T,1
G,0
T,1
A,0
A,0
A,0
A,1
A,1
A,0
C,1
G,1
T,1
C,1
G,1
A,1
A,0
G,1
G,1
T,1
T,1
T,0
T,0
C,1
C,0
C,0
A,0
T,0
A,0
A,1
G,1
C,0
A,0
G,0
C,0
G,1
A,1
T,0
C,1
T,0
A,0
A,0
G,1
C,0
G,0
T,0
A,1
G,0
G,1
T,0
C,1
C,0
G,1
G,1
A,0
T,0
C,0
A,1
C,1
C,1
G,0
G,1
A,1
C,1
C,1
A,0
T,1
T,1
G,1
T,0
A,0
A,0
C,0
G,1
C,0
T,1
C,1
T,0
C,1
T,1
A,1
T,1
T,1
T,1
C,0
C,0
T,0
G,0
G,0
A,1
C,1
C,1
G,1
G,0
A,0
G,1
A,0
C,0
T,1
G,1
C,1
C,1
A,1
T,0
C,0
G,1
T,0
C,1
C,0
A,1
G,1
C,0
T,0
G,1
G,1
C,0
A,1
C,0
C,0
G,1
T,0
G,1
T,0
T,0
T,0
C,1
C,1
A,0
T,1
G,0
G,0
C,0
T,0
C,0
C,1
A,1
A,0
T,1
A,0
T,0
T,0
T,0
A,0
T,0
T,1
A,0
A,1
C,1
C,0
T,1
G,0
G,1
T,1
A,0
T,1
C,0
C,1
G,0
A,1
G,1
C,0
T,0
A,1
A,1
G,1
A,1
G,0
C,0
C,1
T,1
G,1
A,1
G,1
A,1
C,1
G,1
T,0
T,1
G,0
A,1
A,1
G,1
T,1
C,1
A,0
A,1
C,1
C,0
G,1
G,0
A,1
G,0
A,0
C,0
A,1
A,0
C,1
T,1
C,1
C,1
A,1
G,0
A,1
G,1
G,0
G,0
A,0
G,1
A,1
G,0
A,0
T,0
A,1
T,1
G,1
G,0
A,0
T,0
C,0
G,0
A,0
T,1
A,0
C,1
A,0
A,0
T,0
T,1
G,0
G,0
C,0
T,0
C,0
G,0
A,1
T,1
C,0
C,0
G,1
T,1
T,0
G,1
T,1
A,1
A,0
A,0
T,1
A,1
T,0
C,1
C,0
G,1
T,0
C,0
A,0
G,1
G,1
G,0
T,0
T,0
C,1
G,1
G,0
T,0
G,1
G,0
A,0
T,1
C,1
T,0
C,0
G,0
G,1
A,1
G,0
C,1
A,0
C,1
C,1
G,0
C,1
A,1
C,0
C,1
T,0
C,1
G,1
T,0
A,0
T,1
A,0
C,0
C,1
C,1
C,1
C,1
C,1
A,0
A,1
G,1
C,1
G,1
T,1
C,1
G,1
G,1
A,0
A,1
T,0
C,1
A,1
T,1
G,1
G,1
A,0
G,1
T,1
G,0
C,1
A,1
C,0
G,1
C,1
G,1
G,1
A,1
T,1
C,0
A,1
C,1
C,1
T,0
C,0
G,1
A,0
C,0
A,1
G,1
C,0
C,0
C,0
T,0
G,0
T,0
T,0
G,0
G,1
G,1
T,1
G,1
C,1
A,1
A,1
T,1
T,0
A,0
G,0
A,1
A,0
G,0
C,0
T,0
G,1
A,0
C,1
T,0
G,1
T,1
C,1
A,0
C,0
G,1
T,0
T,1
T,0
T,1
T,0
T,1
G,1
T,0
T,1
A,0
C,1
T,1
G,0
C,1
A,0
C,0
G,0
T,0
G,1
T,1
C,0
T,0
G,0
G,1
A,0
A,1
A,0
G,1
A,0
C,0
T,1
A,1
C,1
G,1
A,1
T,1
C,0
C,0
A,0
C,1
T,0
C,0
C,0
A,1
A,1
T,1
A,0
G,1
G,0
C,0
A,0
G,1
A,1
C,0
A,0
C,1
C,0
C,0
A,0
C,0
T,0
A,0
G,0
T,1
C,1
A,0
G,1
G,0
C,0
C,1
A,1
C,0
A,0
T,0
C,1
A,0
G,1
G,1
A,0
A,1
A,0
A,0
C,1
C,0
G,0
C,1
C,0
G,1
A,0
C,1
G,1
T,0
C,0
T,1
G,0
A,0
T,1
C,1
G,1
C,1
C,1
A,1
A,0
G,0
C,0
C,0
C,0
T,1
A,1
A,0
A,0
A,1
C,1
G,1
G,1
G,0
C,0
G,1
C,0
G,0
A,1
T,0
C,0
T,1
A,0
G,0
A,1
A,1
T,0
C,0
T,1
T,0
G,0
T,1
G,1
T,0
T,0
G,0
T,0
G,0
A,1
G,1
T,1
G,1
T,1
C,0
A,1
C,1
G,0
A,1
C,1
A,1
A,1
G,1
C,0
T,1
G,0
G,1
A,1
C,0
G,1
C,0
T,1
G,1
G,0
A,0
C,0
G,1
C,1
C,1
C,1
T,0
C,1
A,0
C,1
G,0
T,0
G,0
T,0
G,0
A,0
A,0
G,0
G,0
A,1
G,0
T,0
C,1
G,0
A,0
G,0
C,0
A,1
G,0
A,0
T,1
T,0
T,1
G,1
T,1
A,1
C,0
C,0
A,1
G,0
G,0
G,1
T,1
A,0
T,0
G,1
T,1
T,0
A,0
A,1
T,1
G,0
G,0
A,1
A,0
G,1
C,0
A,0
G,0
T,1
A,1
G,0
G,0
G,1
A,0
G,1
G,1
T,0
C,1
A,1
C,0
C,0
C,1
C,1
C,0
C,0
A,1
C,0
T,0
T,0
C,1
T,1
C,1
T,1
T,0
A,0
T,0
G,0
T,1
T,1
C,0
C,0
G,0
C,0
C,0
A,0
C,0
A,0
C,1
A,1
G,0
G,0
T,0
A,0
T,0
G,0
G,0
A,0
T,0
G,1
T,1
C,1
C,0
T,0
G,0
G,1
A,1
T,0
A,0
G,0
A,0
T,1
C,1
G,1
A,1
G,1
G,1
G,1
T,1
C,1
C,0
C,0
T,0
T,1
C,1
C,1
G,1
T,0
A,0
T,1
C,0
G,1
A,1
T,1
A,1
G,1
C,1
C,0
A,0
A,1
A,0
A,1
T,1
G,0
A,0
T,0
G,1
G,0
T,0
C,1
T,0
A,0
A,0
G,0
G,1
C,1
T,1
C,0
A,0
T,0
G,0
C,1
G,0
C,1
G,0
C,0
C,1
G,1
G,0
C,0
C,0
C,1
A,1
G,0
C,1
C,1
T,1
G,0
A,0
T,0
C,1
T,0
C,1
A,1
C,1
C,0
C,0
A,0
A,1
T,1
A,0
C,0
G,0
A,1
A,1
G,1
T,0
T,1
A,1
C,0
G,0
T,1
T,1
C,0
T,0
A,0
G,0
C,0
C,0
A,0
A,0
A,1
T,1
C,1
G,1
T,1
G,0
A,1
G,1
G,0
C,1
T,0
G,0
C,0
A,0
C,0
C,0
C,1
A,1
C,0
G,0
C,1
T,1
T,1
T,1
A,0
G,0
C,1
C,1
C,0
T,1
C,1
T,0
T,0
G,1
T,1
G,0
A,1
C,0
A,1
G,0
T,0
C,0
C,1
A,1
T,1
A,1
A,0
A,1
G,1
G,1
G,1
G,1
T,1
A,1
G,0
A,0
C,1
C,0
A,1
C,1
C,1
C,0
A,1
C,1
A,1
G,1
G,0
T,1
T,1
T,1
G,1
C,1
G,1
C,1
T,0
T,0
T,0
T,1
G,0
T,0
C,1
G,1
C,1
A,0
C,1
G,0
T,0
C,1
G,0
A,0
G,1
T,1
C,1
T,1
T,1
G,0
G,1
A,0
C,0
C,0
T,1
A,1
C,1
A,1
C,0
T,1
G,1
T,1
T,0
A,0
C,1
A,1
T,0
A,1
A,0
T,0
A,1
C,1
C,0
T,1
A,1
G,0
C,1
G,0
G,0
T,0
T,0
G,0
G,0
G,0
G,1
A,0
T,0
C,1
G,0
T,0
C,1
C,1
G,1
A,1
C,0
A,0
C,0
C,1
C,0
C,0
T,1
G,1
A,1
C,1
A,1
C,1
G,1
C,0
T,0
T,0
C,0
C,1
C,0
A,1
T,0
T,0
T,0
C,0
T,0
G,1
C,1
A,1
A,0
C,1
G,1
C,1
A,0
G,0
A,0
C,0
G,0
C,1
G,0
G,1
A,0
C,0
C,0
C,1
G,0
G,1
C,1
G,1
C,1
G,1
G,0
A,1
C,1
T,0
A,0
T,0
C,0
T,0
C,1
C,1
G,0
G,1
T,1
A,0
G,0
A,0
T,1
A,0
G,1
C,1
T,1
A,1
C,0
C,0
C,0
G,1
T,1
G,1
C,1
G,1
C,0
G,0
G,1
A,0
A,1
A,1
G,1
C,1
T,1
C,0
T,1
A,1
A,0
C,0
T,0
T,0
A,1
C,1
T,0
T,0
C,1
C,1
C,1
G,1
T,0
C,1
A,1
C,1
G,1
T,0
C,1
T,1
G,1
A,1
T,1
C,1
T,0
G,1
T,0
T,1
C,0
A,1
C,1
G,0
T,0
A,1
C,1
C,1
G,0
T,0
T,0
T,0
A,1
T,1
G,1
G,0
T,0
G,0
G,1
G,1
C,1
A,1
G,1
A,0
T,1
T,0
G,0
A,0
A,1
G,0
C,0
A,1
G,1
T,0
A,1
T,0
A,1
A,0
A,0
C,1
G,1
C,1
T,1
A,0
A,0
T,1
T,1
C,0
T,0
C,0
A,0
C,1
T,0
G,1
A,0
T,0
T,1
T,1
G,1
A,1
T,0
T,0
C,0
C,0
T,1
G,0
A,0
A,0
G,0
C,0
C,0
G,1
A,0
T,0
G,0
T,0
A,1
C,0
A,1
C,0
G,0
T,1
A,0
T,0
A,1
T,0
A,1
C,0
C,0
A,1
G,1
G,1
A,0
C,0
C,1
T,0
C,1
A,1
C,1
A,0
A,1
C,0
C,0
C,0
A,0
C,0
C,0
A,1
A,0
C,0
A,0
G,1
A,1
A,1
G,1
A,0
G,0
C,1
T,1
T,0
A,1
T,1
T,0
G,0
C,1
A,0
T,0
T,1
T,0
G,1
T,0
A,1
G,0
A,1
T,0
T,0
C,1
T,0
A,0
G,1
T,1
C,0
T,1
G,1
C,0
C,1
T,1
C,1
T,0
T,1
G,0
C,1
T,1
T,0
C,1
C,0
T,1
A,1
G,1
G,0
C,1
A,0
A,1
T,0
A,0
C,1
G,1
A,1
T,1
A,0
C,1
G,0
A,0
A,1
A,1
C,1
T,0
A,1
A,1
G,0
C,1
T,1
T,1
A,0
C,0
C,0
C,0
A,0
C,0
C,0
C,0
A,1
C,0
T,1
T,0
C,1
G,0
C,1
G,1
A,1
A,0
A,1
G,1
A,0
T,1
G,1
T,0
C,1
T,1
A,0
T,0
A,1
G,1
A,0
T,1
A,0
T,0
C,0
C,0
A,1
T,1
C,0
G,0
T,0
T,1
T,0
C,1
T,1
G,1
T,0
T,1
G,1
G,0
A,1
G,0
C,1
G,0
G,1
A,1
C,0
T,1
G,1
A,1
G,0
C,1
G,0
G,1
A,1
C,1
C,0
A,1
G,1
T,1
C,0
A,0
C,0
T,0
A,1
T,0
A,1
C,1
G,1
T,1
T,0
T,0
G,0
T,0
T,1
T,0
C,1
G,0
G,1
G,1
G,1
A,1
T,1
G,0
T,0
A,0
C,0
A,0
A,0
T,0
G,0
G,0
A,1
G,0
G,1
C,1
G,0
C,0
G,0
A,0
A,1
G,0
A,0
G,0
T,0
C,1
G,0
C,0
T,0
T,0
T,1
C,0
C,0
A,1
G,0
T,0
G,1
C,0
C,0
A,1
T,1
C,1
C,1
A,1
T,0
G,0
G,1
T,0
C,0
G,0
A,1
G,1
G,1
T,1
T,0
C,0
G,1
G,1
A,0
C,1
C,0
G,0
A,1
A,1
G,0
A,1
T,1
G,0
C,1
G,1
C,0
G,1
A,0
C,1
T,1
T,1
T,0
G,0
T,1
A,0
G,0
T,0
A,1
C,1
G,0
G,0
C,1
G,1
T,1
C,1
C,1
G,1
G,1
C,1
T,1
A,1
G,1
A,0
A,1
A,0
A,1
G,0
G,1
C,0
A,0
T,1
T,1
C,0
C,1
G,0
A,0
A,1
T,1
T,1
G,0
A,0
T,1
T,1
G,0
T,1
T,0
C,0
T,0
C,0
A,0
A,0
A,0
T,1
C,1
T,0
C,0
A,1
A,1
T,0
G,0
G,0
G,0
C,1
A,0
T,0
G,1
C,1
C,1
C,0
A,1
A,1
A,0
G,0
C,1
G,0
A,0
G,1
G,1
A,0
C,0
C,1
G,0
G,1
C,1
A,0
C,0
A,1
T,1
T,0
A,1
T,1
T,1
G,1
G,1
T,0
A,0
G,0
A,0
A,1
A,0
A,0
G,0
T,1
T,0
A,0
A,0
G,0
A,1
G,0
G,1
T,1
T,0
T,0
G,0
C,1
C,0
A,0
G,1
G,1
G,0
C,0
C,1
T,0
T,1
G,1
C,0
A,1
G,1
C,0
C,1
G,0
T,1
C,1
A,1
C,1
T,0
A,1
T,0
A,1
A,0
G,0
G,0
C,0
G,0
C,1
C,1
G,1
A,1
T,1
G,0
T,1
G,0
C,1
A,1
G,0
A,0
C,1
A,1
A,1
G,1
T,0
C,0
C,0
T,1
G,1
C,1
G,1
C,1
C,0
A,1
A,1
C,0
G,0
A,1
T,1
G,1
T,0
A,1
C,0
T,1
C,0
G,0
G,0
T,0
C,0
G,0
C,1
A,0
A,0
C,0
T,0
G,1
T,0
T,0
A,1
G,1
G,0
G,0
T,1
T,0
G,1
A,0
A,0
G,1
T,0
T,1
T,0
G,1
T,1
T,1
A,0
C,1
G,0
G,0
C,1
G,1
T,1
G,0
A,1
C,0
A,0
C,0
T,1
T,0
A,0
C,1
G,1
G,1
G,1
A,1
T,1
G,1
C,1
T,1
A,1
C,1
G,0
T,1
G,1
A,0
T,1
G,1
C,1
C,1
A,1
T,1
C,0
T,1
T,0
T,0
C,1
G,0
T,0
C,0
A,1
A,1
A,0
A,1
T,0
G,1
C,0
G,1
A,0
A,0
T,0
C,0
C,1
C,0
G,1
A,0
T,1
C,1
T,0
G,1
G,1
A,1
G,0
C,0
C,0
A,1
C,0
A,0
T,0
A,1
A,1
A,0
A,1
G,1
C,1
T,1
C,1
A,0
C,1
C,0
A,0
A,1
C,0
A,1
T,1
T,1
C,1
C,1
T,1
C,0
T,0
A,1
T,1
G,0
G,0
A,1
C,0
C,0
C,1
G,1
T,0
A,1
A,1
C,1
A,0
C,0
G,1
A,1
C,0
C,1
A,0
A,1
A,1
C,1
C,1
T,0
C,0
A,1
A,0
G,1
T,1
G,1
A,1
G,1
A,0
C,0
G,1
G,1
C,1
T,1
A,0
T,0
T,1
A,0
T,1
G,1
T,1
C,0
A,1
C,1
C,1
A,0
G,1
C,0
C,1
A,1
A,0
A,0
T,0
A,0
G,1
A,0
C,0
C,1
A,1
C,1
T,0
G,1
C,0
G,0
G,0
C,1
C,0
T,1
C,1
A,1
G,1
G,0
T,0
A,1
T,0
A,0
G,1
G,0
C,0
A,1
G,0
A,0
G,1
T,0
C,1
G,0
C,0
G,0
G,0
A,0
G,1
C,1
A,1
G,0
T,0
T,0
A,1
C,1
C,1
T,0
G,1
C,1
C,1
C,0
T,1
C,0
C,1
G,1
G,0
A,1
A,0
A,1
C,0
G,0
G,0
A,0
A,1
A,0
T,1
C,0
A,1
A,0
C,1
G,0
T,1
A,1
G,1
G,1
C,1
G,1
T,1
A,1
C,1
T,1
A,0
T,0
A,1
G,0
C,1
G,1
T,0
A,0
A,0
C,1
A,0
A,0
T,1
G,0
C,1
G,1
C,0
A,1
A,1
G,0
T,1
T,1
A,0
A,1
T,0
T,1
A,1
C,0
C,0
A,0
A,0
A,0
G,1
T,1
G,1
G,0
G,0
C,0
C,0
C,1
T,1
T,1
A,0
C,0
T,1
A,0
A,1
C,1
C,1
T,1
G,1
T,0
G,1
C,1
G,1
G,0
C,0
T,1
G,0
T,0
C,0
C,1
C,1
A,0
C,0
G,0
T,0
G,0
T,1
A,0
A,0
A,1
C,0
A,1
A,1
T,1
T,0
C,1
A,1
A,0
C,1
C,1
G,1
G,1
T,1
C,1
T,1
T,1
T,0
A,1
G,0
A,0
A,0
C,0
C,1
C,1
C,0
G,1
C,0
G,0
C,0
G,1
G,1
T,0
C,0
C,1
T,1
G,0
A,0
C,1
T,0
C,0
C,0
A,1
T,0
T,0
A,0
A,1
C,0
C,1
G,0
T,0
G,1
G,0
A,1
G,0
C,1
A,1
G,0
G,0
G,0
C,1
C,1
C,1
T,1
T,0
G,0
C,0
C,1
C,1
A,0
T,1
A,1
A,1
A,1
A,1
T,0
A,1
T,0
G,0
G,0
T,0
A,0
T,1
T,1
T,1
C,1
T,1
C,0
G,1
T,0
T,1
A,1
C,0
C,0
C,0
C,0
A,0
C,1
A,0
C,0
G,1
G,1
C,0
C,0
A,0
C,1
G,1
C,0
A,0
G,1
C,1
G,1
G,0
G,1
A,1
A,0
A,1
C,0
G,1
C,0
G,1
T,1
A,0
T,0
A,0
A,1
A,0
G,1
G,0
C,0
A,0
A,0
T,1
G,0
T,1
A,1
A,1
G,1
T,1
T,0
C,0
C,0
C,1
T,0
T,0
A,1
C,0
G,0
G,1
G,0
G,0
C,0
A,0
G,0
C,1
C,1
T,1
A,1
T,0
A,0
G,0
C,0
C,1
C,0
A,1
C,1
C,1
C,0
T,0
G,1
T,1
T,0
A,1
T,0
C,1
G,1
C,0
T,1
C,1
A,0
A,1
G,1
G,0
T,1
A,1
T,1
C,1
C,0
T,0
A,0
G,1
G,0
T,0
A,1
T,1
T,0
C,1
T,0
C,0
T,1
A,1
C,0
G,0
G,0
T,1
G,1
C,1
T,0
T,1
T,1
G,0
C,0
A,1
A,1
T,0
T,1
T,0
T,1
T,1
T,1
T,0
C,1
G,0
G,0
C,1
C,0
T,0
G,0
A,0
T,0
G,0
G,1
G,0
C,1
C,1
C,0
G,1
G,0
C,0
C,1
T,1
A,0
A,0
C,0
A,1
A,1
T,1
C,1
T,1
T,1
C,1
G,1
C,1
G,1
G,0
G,0
T,0
A,0
T,0
A,1
A,1
C,1
C,0
G,1
T,1
C,0
T,0
G,1
C,0
A,1
A,0
C,1
T,1
T,0
T,1
G,0
A,0
T,1
G,0
T,1
C,0
A,0
G,0
A,1
C,0
G,1
A,1
A,1
A,1
C,1
T,0
C,0
G,1
T,0
C,1
A,0
C,1
C,1
C,1
A,0
G,0
T,1
G,0
T,0
G,1
C,0
A,0
A,0
C,0
A,1
G,1
A,0
T,1
A,1
T,0
G,0
A,1
T,1
G,0
C,0
A,0
T,0
T,1
T,1
A,0
T,1
T,1
C,0
T,1
C,1
T,1
A,1
T,0
C,1
G,0
G,0
G,0
A,0
C,1
C,0
G,0
T,1
G,1
G,0
T,1
A,1
G,0
T,1
G,0
G,0
G,0
A,1
C,1
C,1
A,1
C,0
A,0
A,0
T,1
C,0
T,1
C,0
A,0
C,1
G,1
A,0
C,0
T,0
G,0
G,1
A,1
T,0
G,0
T,1
G,0
T,1
T,1
A,1
T,0
G,1
T,0
T,1
C,0
A,1
C,0
T,1
G,0
T,0
G,1
T,1
G,0
T,0
A,0
G,0
A,1
T,0
G,0
A,1
A,0
G,0
G,0
A,0
A,0
G,0
G,1
G,1
G,0
A,1
C,1
T,1
T,0
G,0
C,0
C,0
C,0
T,1
G,1
A,0
G,0
A,0
C,1
G,0
G,0
A,0
C,1
G,1
C,0
C,0
C,1
G,0
C,0
A,1
T,1
A,0
A,1
A,0
G,1
G,1
G,0
C,0
T,1
T,0
C,1
C,1
A,1
T,0
G,0
G,1
G,1
G,0
T,1
G,1
G,1
A,1
T,0
C,1
C,1
G,1
C,0
A,1
G,1
C,1
T,0
C,0
T,0
G,0
C,0
G,0
A,0
C,0
G,1
C,1
A,0
G,1
A,1
T,0
A,0
G,0
G,1
T,1
G,0
C,0
A,1
C,1
T,1
A,0
G,0
T,1
G,1
T,0
T,0
G,1
T,0
C,0
A,1
A,0
G,1
G,1
A,1
G,0
G,0
C,0
G,1
C,0
G,0
A,1
T,1
A,1
A,1
C,1
T,0
G,1
G,0
C,0
A,1
C,0
T,1
T,1
T,1
G,0
T,0
T,1
T,0
T,1
C,1
C,0
T,0
A,1
C,1
G,1
